index_name,index_sequence
ADT_1,CTGCTCTACG
ADT_2,GCATCTCGTC
ADT_3,GTTCGCCATC
ADT_4,CCATCGTTCG
ADT_5,CGGTTCCATC
ADT_6,TCACCGGTCT
ADT_7,AGGCTTCCTC
ADT_8,TCATCCGTCG
ADT_9,CTACTGCCTG
ADT_10,TCTGACTGCC
ADT_11,ATCGTCCTCG
ADT_12,TCTACGGCTC
P7_ADT_1,TCTACTCGCG
P7_ADT_2,CTCTGCGCTA
P7_ADT_3,TCGCAGCTTC
P7_ADT_4,CTAGTCGCCT
HTO_1,CTGACCTTCG
HTO_2,GCCGTTACTC
HTO_3,CGTCCTTGCA
HTO_4,GCCGTCCATT
HTO_5,CTGTATCGCC
HTO_6,TCCAGCTCTG
HTO_7,TTGGCCACCT
HTO_8,CCACTGGTTC
HTO_9,TGTCACCTCG
HTO_10,ACCGTTTCGC
HTO_11,TTTCGCAGCC
HTO_12,CCAGCTGCTT
P7_HTO_1,GCTTCACGCT
P7_HTO_2,CTCAGGTCTC
P7_HTO_3,TCTCTGCGAC
P7_HTO_4,CTCGACGCTT